model,accuracy,f1_score
Logistic Regression,0.7655532848671647,0.7684315023163468
Naive Bayes,0.7523535126804918,0.7501352082206598
Linear SVC,0.7602264732486851,0.7634284203219516
